[ {
  "event" : "breakfast",
  "description" : “life cereal banana milk",
  "date" : "3/02/2020",
  "id" : "breakfast-3/2/2020"
}, {
  "event" : "lunch",
  "description" : “green bean shepard pie mashed potatoes pears wheat roll milk",
  "date" : "3/02/2020",
  "id" : "lunch-3/2/2020"
}, {
  "event" : "snack",
  "description" : “pretzels apple slice with peanut butter dip water",
  "date" : "3/2/2020",
  "id" : "announcement-3/2/2020"
}, {
  "event" : "breakfast",
  "description" : “yogurt strawberries granola milk",
  "date" : “3/3/2020",
  "id" : "breakfast-3/3/2020"
}, {
 "event" : "lunch",
  "description" : “bbq chicken slider coleslaw mixed vegetables grapes milk",
  "date" : "3/3/2020",
  "id" : "lunch-3/3/2020"
}, {
  "event" : "snack",
  "description" : “apple sauce graham crackers water",
  "date" : "3/3/2020",
  "id" : "announcement-3/3/2020"
}, {
  "event" : "breakfast",
  "description" : “berry muffin",
  "date" : “3/4/2020",
  "id" : "breakfast-3/4/2020"
}, {
 "event" : "lunch",
  "description" : “tuna casserole peas tropical fruit milk",
  "date" : "3/4/2020",
  "id" : "lunch-3/4/2020"
}, {
  "event" : "snack",
  "description" : “cheez it crackers apple juice",
  "date" : "3/4/2020",
  "id" : "announcement-3/4/2020"
}, {
  "event" : "breakfast",
  "description" : “biscuits and gravy peaches milk",
  "date" : “3/5/2020",
  "id" : "breakfast-3/5/2020"
}, {
 "event" : "lunch",
  "description" : “beanie weenies cornbread pineapple broccoli milk",
  "date" : "3/5/2020",
  "id" : "lunch-3/5/2020"
}, {
  "event" : "snack",
  "description" : “cottage cheese carrot chips water",
  "date" : "3/5/2020",
  "id" : "announcement-3/5/2020"
}, {
  "event" : "breakfast",
  "description" : “honey kit cereal fruit cocktail milk",
  "date" : “3/6/2020",
  "id" : "breakfast-3/6/2020"
}, {
 "event" : "lunch",
  "description" : “turkey sandwich pickle spear tropical fruit milk",
  "date" : "3/6/2020",
  "id" : "lunch-3/6/2020"
}, {
  "event" : "snack",
  "description" : “peanut butter crackers milk",
  "date" : “3/6/2020",
  "id" : "announcement-3/6/2020"
}, {
  "event" : "breakfast",
  "description" : “cherrios banana milk",
  "date" : “3/9/2020",
  "id" : "breakfast-3/9/2020"
}, {
 "event" : "lunch",
  "description" : “goulash salad pineapple milk",
  "date" : "3/9/2020",
  "id" : "lunch-3/9/2020"
}, {
  "event" : "snack",
  "description" : “apple slice peanut butter milk",
  "date" : "3/9/2020",
  "id" : "announcement-3/9/2020"
}, {
  "event" : "breakfast",
  "description" : “oatmeal fruit cocktail milk",
  "date" : “3/10/2020",
  "id" : "breakfast-3/10/2020"
}, {
 "event" : "lunch",
  "description" : “baked potato casserole peanut butter sandwich peaches string cheese milk",
  "date" : "3/10/2020",
  "id" : "lunch-3/10/2020"
}, {
  "event" : "snack",
  "description" : “yogurt graham cracker water",
  "date" : "3/10/2020",
  "id" : "announcement-3/10/2020"
}, {
  "event" : "breakfast",
  "description" : “pumpkin muffin apple sauce milk",
  "date" : “3/11/2020",
  "id" : "breakfast-3/11/2020"
}, {
 "event" : "lunch",
  "description" : “cowboy beans pears roll cooked carrots",
  "date" : "3/11/2020",
  "id" : “lunch-3/11/2020"
}, {
  "event" : "snack",
  "description" : “peanut butter toast milk",
  "date" : "3/11/2020",
  "id" : "announcement-3/11/2020"
}, {
  "event" : "breakfast",
  "description" : “french toast peaches milk",
  "date" : “3/12/2020",
  "id" : "breakfast-3/12/2020"
}, {
 "event" : "lunch",
  "description" : “chicken nachos mandarin oranges mexican corn milk",
  "date" : "3/12/2020",
  "id" : "lunch-3/12/2020"
}, {
  "event" : "snack",
  "description" : “california veggies ritz crackers water",
  "date" : "3/12/2020",
  "id" : "announcement-3/12/2020"
}, {
  "event" : "breakfast",
  "description" : “corn flakes tropical fruit milk",
  "date" : “3/13/2020",
  "id" : "breakfast-3/13/2020"
}, {
 "event" : "lunch",
  "description" : “tuna and crackers celery fruit cocktail milk",
  "date" : "3/13/2020",
  "id" : "lunch-3/13/2020"
}, {
  "event" : "snack",
  "description" : “chex mix apple juice",
  "date" : "3/13/2020",
  "id" : “announcement-3/13/2020”
}, {
  "event" : "breakfast",
  "description" : “chex cereal banana milk",
  "date" : “3/16/2020",
  "id" : "breakfast-3/16/2020"
}, {
 "event" : "lunch",
  "description" : “grilled ham and cheese sandwich tomato soup celery stir peaches milk",
  "date" : "3/16/2020",
  "id" : "lunch-3/16/2020"
}, {
  "event" : "snack",
  "description" : “yogurt tropical fruit water",
  "date" : "3/16/2020",
  "id" : "announcement-3/16/2020"
}, {
 "event" : "announcement",
  "description" : “spring break",
  "date" : “3/16/2020",
  "id" : "breakfast-3/16/2020"
}, {
  "event" : "breakfast",
  "description" : “malt o meal mixed berries milk",
  "date" : “3/17/2020",
  "id" : "breakfast-3/17/2020"
}, {
 "event" : "lunch",
  "description" : “chicken pot pie mixed vegetables pears bread and butter milk",
  "date" : "3/17/2020",
  "id" : "lunch-3/17/2020"
}, {
  "event" : "snack",
  "description" : “fruit cocktail cottage cheese water ",
  "date" : "3/17/2020",
  "id" : "announcement-3/17/2020"
}, {
"event" : "announcement",
  "description" : “spring break",
  "date" : “3/17/2020",
  "id" : "breakfast-3/17/2020"
}, {
  "event" : "breakfast",
  "description" : “banana muffin fruit cocktail milk",
  "date" : “3/18/2020",
  "id" : "breakfast-3/18/2020"
}, {
 "event" : "lunch",
  "description" : “meatloaf mashed potatoes green beans roll milk",
  "date" : "3/18/2020",
  "id" : "lunch-3/18/2020"
}, {
  "event" : "snack",
  "description" : “vegetable rice casserole water",
  "date" : "3/18/2020",
  "id" : "announcement-3/18/2020"
}, {
"event" : "announcement",
  "description" : “spring break",
  "date" : “3/18/2020",
  "id" : "breakfast-3/18/2020"
}, {
  "event" : "breakfast",
  "description" : “eggs toast tropical fruit milk",
  "date" : “3/19/2020",
  "id" : "breakfast-3/19/2020"
}, {
 "event" : "lunch",
  "description" : “sloppy Joe with cheese tater tots mandarin oranges milk",
  "date" : "3/19/2020",
  "id" : "lunch-3/19/2020"
}, {
  "event" : "snack",
  "description" : “bread and butter carrot chips water",
  "date" : "3/19/2020",
  "id" : "announcement-3/19/2020"
}, {
"event" : "announcement",
  "description" : “spring break",
  "date" : “3/19/2020",
  "id" : "breakfast-3/19/2020"
}, {
  "event" : "breakfast",
  "description" : “berry mix cereal pineapple milk",
  "date" : “3/20/2020",
  "id" : "breakfast-3/20/2020"
}, {
 "event" : "lunch",
  "description" : “peanut butter and jelly sandwich carrot chips apple slices milk",
  "date" : "3/20/2020",
  "id" : "lunch-3/20/2020"
}, {
  "event" : "snack",
  "description" : “cereal mix milk",
  "date" : "3/20/2020",
  "id" : "announcement-3/20/2020"
}, {
"event" : "announcement",
  "description" : “spring break",
  "date" : “3/20/2020",
  "id" : "breakfast-3/20/2020"
}, {
  "event" : "breakfast",
  "description" : “honey bunches of oats banana milk",
  "date" : “3/23/2020",
  "id" : "breakfast-3/23/2020"
}, {
 "event" : "lunch",
  "description" : “taco roll refried beans pineapple milk",
  "date" : "3/23/2020",
  "id" : "lunch-3/23/2020"
}, {
  "event" : "snack",
  "description" : “pretzels string cheese water",
  "date" : "3/23/2020",
  "id" : "announcement-3/23/2020"
}, {
"event" : "announcement",
  "description" : “spring break",
  "date" : “3/23/2020",
  "id" : "breakfast-3/23/2020"
}, {
  "event" : "breakfast",
  "description" : “waffles tropical fruit milk",
  "date" : “3/24/2020",
  "id" : "breakfast-3/24/2020"
}, {
 "event" : "lunch",
  "description" : “mac and cheese burger casserole peaches greens beans milk",
  "date" : "3/24/2020",
  "id" : "lunch-3/24/2020"
}, {
  "event" : "snack",
  "description" : “biscuit with jelly milk",
  "date" : "3/24/2020",
  "id" : "announcement-3/24/2020"
}, {
"event" : "announcement",
  "description" : “spring break",
  "date" : “3/24/2020",
  "id" : "breakfast-3/24/2020"
}, {
  "event" : "breakfast",
  "description" : “blueberry muffin apple sauce milk",
  "date" : “3/25/2020",
  "id" : "breakfast-3/25/2020"
}, {
 "event" : "lunch",
  "description" : “hot dog French fries apple slice milk",
  "date" : "3/25/2020",
  "id" : "lunch-3/25/2020"
}, {
  "event" : "snack",
  "description" : “deviled egg dip saltines water",
  "date" : "3/25/2020",
  "id" : "announcement-3/25/2020"
}, {
  "event" : "breakfast",
  "description" : “english muffin pears milk",
  "date" : “3/26/2020",
  "id" : "breakfast-3/26/2020"
}, {
 "event" : "lunch",
  "description" : “pancakes tater tots tropical fruit hard boiled egg milk",
  "date" : "3/26/2020",
  "id" : "lunch-3/26/2020"
}, {
  "event" : "snack",
  "description" : “cheese sandwich water",
  "date" : "3/26/2020",
  "id" : "announcement-3/26/2020"
}, {
  "event" : "breakfast",
  "description" : “multi grain cheerios milk",
  "date" : “3/27/2020",
  "id" : "breakfast-3/27/2020"
}, {
 "event" : "lunch",
  "description" : “chicken salad with crackers orange california vegetables milk",
  "date" : "3/27/2020",
  "id" : "lunch-3/27/2020"
}, {
  "event" : "snack",
  "description" : “rotel cheese dip chips apple juice",
  "date" : "3/27/2020",
  "id" : "announcement-3/27/2020"
}, {
 "event" : "breakfast",
  "description" : “life cereal banana milk",
  "date" : "3/30/2020",
  "id" : "breakfast-3/30/2020"
}, {
  "event" : "lunch",
  "description" : “green bean shepard pie mashed potatoes pears wheat roll milk",
  "date" : "3/30/2020",
  "id" : "lunch-3/30/2020"
}, {
  "event" : "snack",
  "description" : “pretzels apple slice with peanut butter dip water",
  "date" : "3/30/2020",
  "id" : "announcement-3/30/2020"
}, {
  "event" : "breakfast",
  "description" : “yogurt strawberries granola milk",
  "date" : “3/31/2020",
  "id" : "breakfast-3/31/2020"
}, {
 "event" : "lunch",
  "description" : “bbq chicken slider coleslaw mixed vegetables grapes milk",
  "date" : "3/31/2020",
  "id" : "lunch-3/31/2020"
}, {
  "event" : "snack",
  "description" : “apple sauce graham crackers water",
  "date" : "3/31/2020",
  "id" : "announcement-3/31/2020"
}, {
  "event" : "breakfast",
  "description" : “berry muffin",
  "date" : “4/1/2020”,
  "id" : “breakfast-4/1/2020”
}, {
 "event" : "lunch",
  "description" : “tuna casserole peas tropical fruit milk",
  "date" : “4/1/2020",
  "id" : “lunch-4/1/2020"
}, {
  "event" : "snack",
  "description" : “cheez it crackers apple juice",
  "date" : “4/1/2020",
  "id" : “announcement-4/1/2020"
}, {
  "event" : "breakfast",
  "description" : “biscuits and gravy peaches milk",
  "date" : “4/2/2020”,
  "id" : “breakfast-4/2/2020"
}, {
 "event" : "lunch",
  "description" : “beanie weenies cornbread pineapple broccoli milk",
  "date" : “4/2/2020",
  "id" : “lunch-4/2/2020"
}, {
  "event" : "snack",
  "description" : “cottage cheese carrot chips water",
  "date" : “4/2/2020",
  "id" : “announcement-4/2/2020"
}, {
  "event" : "breakfast",
  "description" : “honey kit cereal fruit cocktail milk",
  "date" : “4/3/2020”,
  "id" : “breakfast-4/3/2020"
}, {
 "event" : "lunch",
  "description" : “turkey sandwich pickle spear tropical fruit milk",
  "date" : “4/3/2020",
  "id" : “lunch-4/3/2020"
}, {
  "event" : "snack",
  "description" : “peanut butter crackers milk",
  "date" : “4/3/2020”,
  "id" : “announcement-4/3/2020"
}, {
  "event" : "breakfast",
  "description" : “cherrios banana milk",
  "date" : “4/6/2020”,
  "id" : “breakfast-4/6/2020"
}, {
 "event" : "lunch",
  "description" : “goulash salad pineapple milk",
  "date" : “4/6/2020",
  "id" : “lunch-4/6/2020"
}, {
  "event" : "snack",
  "description" : “apple slice peanut butter milk",
  "date" : “4/6/2020",
  "id" : “announcement-4/6/2020"
}, {
  "event" : "breakfast",
  "description" : “oatmeal fruit cocktail milk",
  "date" : “4/7/2020”,
  "id" : “breakfast-4/7/2020"
}, {
 "event" : "lunch",
  "description" : “baked potato casserole peanut butter sandwich peaches string cheese milk",
  "date" : “4/7/2020",
  "id" : “lunch-4/7/2020"
}, {
  "event" : "snack",
  "description" : “yogurt graham cracker water",
  "date" : “4/7/2020",
  "id" : “announcement-4/7/2020"
}, {
  "event" : "breakfast",
  "description" : “pumpkin muffin apple sauce milk",
  "date" : “4/8/2020”,
  "id" : "breakfast-4/8/2020"
}, {
 "event" : "lunch",
  "description" : “cowboy beans pears roll cooked carrots",
  "date" : "4/8/2020",
  "id" : “lunch-4/8/2020"
}, {
  "event" : "snack",
  "description" : “peanut butter toast milk",
  "date" : "3/11/2020",
  "id" : "announcement-4/8/2020"
}, {
  "event" : "breakfast",
  "description" : “french toast peaches milk",
  "date" : “4/9/2020",
  "id" : “breakfast-4/9/2020"
}, {
 "event" : "lunch",
  "description" : “chicken nachos mandarin oranges mexican corn milk",
  "date" : "4/9/2020",
  "id" : "lunch-4/9/2020"
}, {
  "event" : "snack",
  "description" : “california veggies ritz crackers water",
  "date" : "4/9/2020",
  "id" : "announcement-4/9/2020"
}, {
  "event" : "breakfast",
  "description" : “corn flakes tropical fruit milk",
  "date" : “4/10/2020”,
  "id" : "breakfast-4/10/2020"
}, {
 "event" : "lunch",
  "description" : “tuna and crackers celery fruit cocktail milk",
  "date" : "4/10/2020",
  "id" : "lunch-4/10/2020"
}, {
  "event" : "snack",
  "description" : “chex mix apple juice",
  "date" : “4/10/2020",
  "id" : “announcement-4/10/2020”
}, {
  "event" : "breakfast",
  "description" : “chex cereal banana milk",
  "date" : “4/13/2020”,
  "id" : "breakfast-4/13/2020"
}, {
 "event" : "lunch",
  "description" : “grilled ham and cheese sandwich tomato soup celery stir peaches milk",
  "date" : "4/13/2020",
  "id" : "lunch-4/13/2020"
}, {
  "event" : "snack",
  "description" : “yogurt tropical fruit water",
  "date" : "4/13/2020",
  "id" : "announcement-4/13/2020"
}, {
  "event" : "breakfast",
  "description" : “malt o meal mixed berries milk",
  "date" : “4/14/2020",
  "id" : "breakfast-4/14/2020"
}, {
 "event" : "lunch",
  "description" : “chicken pot pie mixed vegetables pears bread and butter milk",
  "date" : "4/14/2020",
  "id" : "lunch-4/14/2020"
}, {
  "event" : "snack",
  "description" : “fruit cocktail cottage cheese water ",
  "date" : "34/14/2020",
  "id" : "announcement-4/14/2020"
}, {
  "event" : "breakfast",
  "description" : “banana muffin fruit cocktail milk",
  "date" : “4/15/2020",
  "id" : "breakfast-4/15/2020"
}, {
 "event" : "lunch",
  "description" : “meatloaf mashed potatoes green beans roll milk",
  "date" : "4/15/2020",
  "id" : "lunch-4/15/2020"
}, {
  "event" : "snack",
  "description" : “vegetable rice casserole water",
  "date" : "4/152020",
  "id" : "announcement-4/15/2020"
}, {
  "event" : "breakfast",
  "description" : “eggs toast tropical fruit milk",
  "date" : “4/16/2020”,
  "id" : "breakfast-4/16/2020"
}, {
 "event" : "lunch",
  "description" : “sloppy Joe with cheese tater tots mandarin oranges milk",
  "date" : "4/16/2020",
  "id" : "lunch-4/16/2020"
}, {
  "event" : "snack",
  "description" : “bread and butter carrot chips water",
  "date" : "4/16/2020",
  "id" : "announcement-4/16/2020"
}, {
  "event" : "breakfast",
  "description" : “berry mix cereal pineapple milk",
  "date" : “4/17/2020”,
  "id" : "breakfast-4/17/2020"
}, {
 "event" : "lunch",
  "description" : “peanut butter and jelly sandwich carrot chips apple slices milk",
  "date" : "4/17/2020",
  "id" : "lunch-4/17/2020"
}, {
  "event" : "snack",
  "description" : “cereal mix milk",
  "date" : "4/17/2020",
  "id" : "announcement-4/17/2020"
}, {
  "event" : "breakfast",
  "description" : “honey bunches of oats banana milk",
  "date" : “4/20/2020”,
  "id" : "breakfast-4/20/2020"
}, {
 "event" : "lunch",
  "description" : “taco roll refried beans pineapple milk",
  "date" : "4/20/2020",
  "id" : "lunch-4/20/2020"
}, {
  "event" : "snack",
  "description" : “pretzels string cheese water",
  "date" : "4/20/2020",
  "id" : "announcement-4/20/2020"
}, {
  "event" : "breakfast",
  "description" : “waffles tropical fruit milk",
  "date" : “4/21/2020",
  "id" : "breakfast-4/21/2020"
}, {
 "event" : "lunch",
  "description" : “mac and cheese burger casserole peaches greens beans milk",
  "date" : "4/21/2020",
  "id" : "lunch-4/21/2020"
}, {
  "event" : "snack",
  "description" : “biscuit with jelly milk",
  "date" : "4/21/2020",
  "id" : "announcement-4/21/2020"
}, {
  "event" : "breakfast",
  "description" : “blueberry muffin apple sauce milk",
  "date" : “4/22/2020",
  "id" : "breakfast-4/22/2020"
}, {
 "event" : "lunch",
  "description" : “hot dog French fries apple slice milk",
  "date" : "4/22/2020",
  "id" : "lunch-4/22/2020"
}, {
  "event" : "snack",
  "description" : “deviled egg dip saltines water",
  "date" : "4/22/2020",
  "id" : "announcement-4/22/2020"
}, {
  "event" : "breakfast",
  "description" : “english muffin pears milk",
  "date" : “4/23/2020",
  "id" : "breakfast-4/23/2020"
}, {
 "event" : "lunch",
  "description" : “pancakes tater tots tropical fruit hard boiled egg milk",
  "date" : "4/23/2020",
  "id" : "lunch-4/23/2020"
}, {
  "event" : "snack",
  "description" : “cheese sandwich water",
  "date" : "4/23/2020",
  "id" : "announcement-4/23/2020"
}, {
  "event" : "breakfast",
  "description" : “multi grain cheerios milk",
  "date" : “4/24/2020",
  "id" : "breakfast-4/24/2020"
}, {
 "event" : "lunch",
  "description" : “chicken salad with crackers orange california vegetables milk",
  "date" : "4/24/2020",
  "id" : "lunch-4/24/2020"
}, {
  "event" : "snack",
  "description" : “rotel cheese dip chips apple juice",
  "date" : "4/24/2020",
  "id" : “announcement-4/24/2020"
}, {
 "event" : "breakfast",
  "description" : “life cereal banana milk",
  "date" : “4/27/2020",
  "id" : "breakfast-4/27/2020"
}, {
  "event" : "lunch",
  "description" : “green bean shepard pie mashed potatoes pears wheat roll milk",
  "date" : "4/27/2020",
  "id" : "lunch-4/27/2020"
}, {
  "event" : "snack",
  "description" : “pretzels apple slice with peanut butter dip water",
  "date" : "4/27/2020",
  "id" : "announcement-4/27/2020"
}, {
  "event" : "breakfast",
  "description" : “yogurt strawberries granola milk",
  "date" : “4/28/2020",
  "id" : "breakfast-4/28/2020"
}, {
 "event" : "lunch",
  "description" : “bbq chicken slider coleslaw mixed vegetables grapes milk",
  "date" : "4/28/2020",
  "id" : "lunch-4/28/2020"
}, {
  "event" : "snack",
  "description" : “apple sauce graham crackers water",
  "date" : "4/28/2020",
  "id" : "announcement-4/28/2020"
}, {
  "event" : "breakfast",
  "description" : “berry muffin",
  "date" : “4/29/2020”,
  "id" : “breakfast-4/29/2020”
}, {
 "event" : "lunch",
  "description" : “tuna casserole peas tropical fruit milk",
  "date" : “4/29/2020",
  "id" : “lunch-4/29/2020"
}, {
  "event" : "snack",
  "description" : “cheez it crackers apple juice",
  "date" : “4/29/2020",
  "id" : “announcement-4/29/2020"
}, {
  "event" : "breakfast",
  "description" : “biscuits and gravy peaches milk",
  "date" : “4/30/2020”,
  "id" : “breakfast-4/30/2020"
}, {
 "event" : "lunch",
  "description" : “beanie weenies cornbread pineapple broccoli milk",
  "date" : “4/30/2020",
  "id" : “lunch-4/30/2020"
}, {
  "event" : "snack",
  "description" : “cottage cheese carrot chips water",
  "date" : “4/30/2020",
  "id" : “announcement-4/30/2020"
}, {
  "event" : "breakfast",
  "description" : “honey kit cereal fruit cocktail milk",
  "date" : “5/1/2020”,
  "id" : “breakfast-5/1/2020”
}, {
 "event" : "lunch",
  "description" : “turkey sandwich pickle spear tropical fruit milk",
  "date" : “5/1/2020",
  "id" : “lunch-5/1/2020"
}, {
  "event" : "snack",
  "description" : “peanut butter crackers milk",
  "date" : “5/1/2020”,
  "id" : “announcement-5/1/2020"
} ]
